filename,dist_s2r,dist_r2s,chamfer_value,asymmetry_value
viewpoint_simulated_0.pcd,18.920626162393162,4.7722229456973455,23.692849108090506,14.148403216695817
viewpoint_simulated_1.pcd,13.271234702722017,4.453239102647213,17.72447380536923,8.817995600074804
viewpoint_simulated_2.pcd,9.71471411983925,5.726707526501849,15.4414216463411,3.988006593337401
viewpoint_simulated_3.pcd,16.755186795290523,4.952454872968831,21.707641668259356,11.802731922321692
viewpoint_simulated_4.pcd,5.096976337599996,4.511743626977665,9.608719964577661,0.5852327106223303
viewpoint_simulated_5.pcd,3.999416118579506,3.7680718926740635,7.767488011253569,0.23134422590544235
viewpoint_simulated_6.pcd,3.564039908741767,3.3197280317954774,6.883767940537244,0.24431187694628953
viewpoint_simulated_7.pcd,3.5364816480116663,3.330622426251675,6.867104074263342,0.2058592217599915
viewpoint_simulated_8.pcd,3.0954033935302574,4.07520796696624,7.170611360496498,0.9798045734359828
viewpoint_simulated_9.pcd,4.100018196193207,4.606203918400782,8.706222114593988,0.506185722207575
viewpoint_simulated_10.pcd,8.809648958165507,6.227701751551202,15.037350709716709,2.5819472066143048
viewpoint_simulated_11.pcd,12.278221474675739,5.056710226077948,17.334931700753685,7.221511248597791
viewpoint_simulated_12.pcd,3.877633193573032,3.1008873425069843,6.978520536080016,0.7767458510660479
viewpoint_simulated_13.pcd,6.420349914351533,3.5689054538680915,9.989255368219624,2.8514444604834415
viewpoint_simulated_14.pcd,5.221467637147473,4.445104910275675,9.666572547423147,0.7763627268717981
viewpoint_simulated_15.pcd,7.335026436177346,4.8888269659908365,12.223853402168182,2.4461994701865093
viewpoint_simulated_16.pcd,4.622283827018754,3.7123539726194306,8.334637799638184,0.9099298543993237
viewpoint_simulated_17.pcd,4.994931157547809,3.6333670564605534,8.628298214008362,1.3615641010872555
viewpoint_simulated_18.pcd,4.326432137262408,3.2895569875258035,7.615989124788212,1.0368751497366047
viewpoint_simulated_19.pcd,3.3909576392737835,3.1568021610781356,6.547759800351919,0.23415547819564786
viewpoint_simulated_20.pcd,3.1307517722329132,3.1279542286261566,6.258706000859069,0.0027975436067566584
viewpoint_simulated_21.pcd,4.35922254093489,4.3761188800096695,8.73534142094456,0.01689633907477983
viewpoint_simulated_22.pcd,4.400863524873509,5.015193254705594,9.416056779579105,0.6143297298320851
viewpoint_simulated_23.pcd,4.675069897353227,3.4041417224553445,8.079211619808571,1.2709281748978825
viewpoint_simulated_24.pcd,4.118248518578684,3.4552371391055514,7.573485657684236,0.6630113794731329
viewpoint_simulated_25.pcd,4.972975297425044,3.253401379817717,8.226376677242762,1.7195739176073266
viewpoint_simulated_26.pcd,4.7082369437337155,3.4419855321111177,8.150222475844833,1.2662514116225978
viewpoint_simulated_27.pcd,6.4098038406719855,4.156344380795367,10.566148221467351,2.253459459876619
viewpoint_simulated_28.pcd,5.758081360858988,3.3068168697355476,9.064898230594535,2.4512644911234402
viewpoint_simulated_29.pcd,5.260450458398789,3.1063075950528303,8.366758053451619,2.1541428633459585
viewpoint_simulated_30.pcd,4.340383872647351,3.3406504434471946,7.681034316094546,0.9997334292001563
viewpoint_simulated_31.pcd,3.186297991421786,2.723276076486651,5.909574067908437,0.4630219149351351
viewpoint_simulated_32.pcd,3.435759537233348,2.9285838039007395,6.364343341134088,0.5071757333326086
viewpoint_simulated_33.pcd,5.09442611823031,4.270925485485884,9.365351603716194,0.8235006327444268
viewpoint_simulated_34.pcd,4.407140674363862,4.385968516879456,8.793109191243317,0.02117215748440593
viewpoint_simulated_35.pcd,3.117788587384153,3.018977927809554,6.136766515193707,0.09881065957459878
viewpoint_simulated_36.pcd,2.9225556306992053,2.65416061804481,5.576716248744015,0.26839501265439525
viewpoint_simulated_37.pcd,4.541383436007826,2.865339418514916,7.406722854522743,1.6760440174929099
viewpoint_simulated_38.pcd,9.798853346278548,3.2913238804140175,13.090177226692566,6.507529465864531
viewpoint_simulated_39.pcd,7.204960916290795,4.034926659544298,11.239887575835093,3.170034256746497
viewpoint_simulated_40.pcd,5.630942964114101,3.5424634316006793,9.17340639571478,2.0884795325134213
viewpoint_simulated_41.pcd,7.173948456154873,3.5574158529167605,10.731364309071633,3.6165326032381127
viewpoint_simulated_42.pcd,4.355240246663413,4.201390959148871,8.556631205812284,0.1538492875145412
viewpoint_simulated_43.pcd,3.6894370007437325,3.3038005325280335,6.993237533271766,0.38563646821569897
viewpoint_simulated_44.pcd,4.165478226082999,2.8583065278859054,7.023784753968904,1.3071716981970933
viewpoint_simulated_45.pcd,7.1062513599673505,4.534897998024273,11.641149357991623,2.5713533619430775
viewpoint_simulated_46.pcd,5.376552656021143,3.3971928939205633,8.773745549941706,1.97935976210058
viewpoint_simulated_47.pcd,3.2061787891030256,3.3192898661955255,6.5254686552985515,0.1131110770924999
viewpoint_simulated_48.pcd,3.5947175613619935,3.6483830306877496,7.243100592049743,0.05366546932575611
viewpoint_simulated_49.pcd,5.11043199766241,2.700372122007003,7.810804119669413,2.410059875655407
viewpoint_simulated_50.pcd,5.546306878402457,3.5787261898455767,9.125033068248033,1.9675806885568803
viewpoint_simulated_51.pcd,5.65580732646487,4.221351383679066,9.877158710143934,1.434455942785804
viewpoint_simulated_52.pcd,9.65579240466774,3.134994113894866,12.790786518562605,6.520798290772873
viewpoint_simulated_53.pcd,5.7782194147677535,3.268234437775214,9.046453852542967,2.5099849769925395
viewpoint_simulated_54.pcd,5.619979175727251,4.537955137409163,10.157934313136415,1.082024038318088
viewpoint_simulated_55.pcd,4.794012256215342,3.451913735026029,8.245925991241371,1.3420985211893126
viewpoint_simulated_56.pcd,4.0756834245438185,3.122721515388766,7.198404939932585,0.9529619091550523
viewpoint_simulated_57.pcd,4.916934163430269,4.424034131974089,9.340968295404359,0.49290003145617955
viewpoint_simulated_58.pcd,3.422307568860059,2.653648110624084,6.075955679484143,0.7686594582359749
viewpoint_simulated_59.pcd,3.4819021627622093,2.494265064841654,5.976167227603863,0.9876370979205555
viewpoint_simulated_60.pcd,3.696020941149876,3.177156731807084,6.87317767295696,0.5188642093427922
viewpoint_simulated_61.pcd,6.928643678953486,3.0579494058506844,9.98659308480417,3.870694273102802
viewpoint_simulated_62.pcd,6.535399749862427,3.825590505103465,10.360990254965891,2.7098092447589623
viewpoint_simulated_63.pcd,7.476002331136159,4.588342561804839,12.064344892940998,2.8876597693313197
viewpoint_simulated_64.pcd,6.238482015734592,4.062042339250693,10.300524354985285,2.1764396764838985
viewpoint_simulated_65.pcd,6.068889440881355,3.8842157395624115,9.953105180443767,2.1846737013189435
viewpoint_simulated_66.pcd,6.0248109817693205,4.547055174918435,10.571866156687754,1.4777558068508858
viewpoint_simulated_67.pcd,3.9606377396421917,3.394731523966857,7.355369263609049,0.5659062156753345
viewpoint_simulated_68.pcd,3.930010559984124,3.365578384612846,7.29558894459697,0.564432175371278
viewpoint_simulated_69.pcd,5.6721521890621105,4.578141511660798,10.250293700722908,1.0940106774013127
viewpoint_simulated_70.pcd,2.9259752327220765,2.7495510217531,5.675526254475177,0.17642421096897642
viewpoint_simulated_71.pcd,4.053949217134823,3.2144107683493455,7.268359985484169,0.8395384487854778
viewpoint_simulated_72.pcd,3.6041707808141004,2.9839288336157948,6.588099614429895,0.6202419471983056
viewpoint_simulated_73.pcd,7.271282844933555,3.877245223435196,11.148528068368751,3.3940376214983594
viewpoint_simulated_74.pcd,8.315717638559537,4.056760269739355,12.372477908298892,4.258957368820182
viewpoint_simulated_75.pcd,10.823509611580068,5.446321964247864,16.269831575827933,5.377187647332204
viewpoint_simulated_76.pcd,9.366876686566018,4.47126293926146,13.838139625827477,4.895613747304558
viewpoint_simulated_77.pcd,6.277797995838748,4.12655278346067,10.404350779299417,2.151245212378078
viewpoint_simulated_78.pcd,10.142246413784488,4.179331269426911,14.321577683211398,5.962915144357576
viewpoint_simulated_79.pcd,6.655603904869789,3.550369386105478,10.205973290975267,3.105234518764311
viewpoint_simulated_80.pcd,4.0226764566455415,3.3081431290400736,7.3308195856856155,0.714533327605468
viewpoint_simulated_81.pcd,4.767838621323722,4.097264873382481,8.865103494706203,0.6705737479412406
viewpoint_simulated_82.pcd,3.307538305216923,3.0236360117601446,6.331174316977068,0.2839022934567783
viewpoint_simulated_83.pcd,3.947919805772389,2.8896940895262415,6.837613895298631,1.0582257162461475
viewpoint_simulated_84.pcd,12.098105768336097,3.5954970916621014,15.6936028599982,8.502608676673995
viewpoint_simulated_85.pcd,13.756194431271323,4.322356315921344,18.07855074719267,9.433838115349978
viewpoint_simulated_86.pcd,9.67541695786272,7.1359998356441965,16.811416793506915,2.5394171222185227
viewpoint_simulated_87.pcd,13.936683941228068,4.661642659172942,18.59832660040101,9.275041282055128
viewpoint_simulated_88.pcd,4.172784516519684,5.945700113802376,10.11848463032206,1.772915597282692
viewpoint_simulated_89.pcd,4.4491025313548995,4.07910734782741,8.52820987918231,0.3699951835274895
viewpoint_simulated_90.pcd,3.96823800115151,3.9702359434438117,7.938473944595321,0.0019979422923017687
viewpoint_simulated_91.pcd,4.095322470508175,3.924073599347506,8.01939606985568,0.17124887116066878
viewpoint_simulated_92.pcd,3.6847907072481805,5.092048027183414,8.776838734431594,1.4072573199352334
viewpoint_simulated_93.pcd,5.096068167971475,4.803396376685733,9.899464544657206,0.29267179128574217
viewpoint_simulated_94.pcd,9.20653136491596,7.891422616443712,17.097953981359673,1.315108748472249
viewpoint_simulated_95.pcd,15.67855254304805,3.721506647855849,19.4000591909039,11.957045895192202
viewpoint_simulated_96.pcd,4.340999243589493,3.3116232403752974,7.65262248396479,1.0293760032141952
viewpoint_simulated_97.pcd,7.049262841416759,3.754867571979521,10.80413041339628,3.294395269437238
viewpoint_simulated_98.pcd,4.748527751499857,4.207288327420312,8.955816078920169,0.5412394240795448
viewpoint_simulated_99.pcd,5.9520456807699444,4.9060673495509155,10.85811303032086,1.045978331219029
viewpoint_simulated_100.pcd,5.121241025680215,3.9284997570647473,9.049740782744962,1.1927412686154675
viewpoint_simulated_101.pcd,4.993512277874076,3.8564848399869365,8.849997117861012,1.1370274378871392
viewpoint_simulated_102.pcd,3.900966259527843,3.5836502794538045,7.484616538981648,0.3173159800740386
viewpoint_simulated_103.pcd,3.5106584263825957,3.125787685627254,6.63644611200985,0.3848707407553418
viewpoint_simulated_104.pcd,4.448298228321632,3.410823442749799,7.859121671071431,1.037474785571833
viewpoint_simulated_105.pcd,4.940144549150071,4.928337278421202,9.868481827571273,0.011807270728869668
viewpoint_simulated_106.pcd,4.741989943539506,4.570327806187492,9.312317749726997,0.17166213735201463
viewpoint_simulated_107.pcd,3.6954801257725785,3.99802114901473,7.693501274787309,0.3025410232421515
viewpoint_simulated_108.pcd,3.332780537551287,3.310328816107665,6.643109353658952,0.022451721443621953
viewpoint_simulated_109.pcd,4.133916461111268,3.4391701286345104,7.573086589745779,0.694746332476758
viewpoint_simulated_110.pcd,4.47918825526342,4.0710488688321025,8.550237124095522,0.4081393864313174
viewpoint_simulated_111.pcd,6.082275097964862,5.054005973922948,11.13628107188781,1.0282691240419144
viewpoint_simulated_112.pcd,6.589429632208951,3.4016943884305433,9.991124020639495,3.1877352437784077
viewpoint_simulated_113.pcd,4.932021978964758,3.442778120700343,8.374800099665102,1.4892438582644147
viewpoint_simulated_114.pcd,3.9406460404649373,3.4905684388759095,7.431214479340847,0.45007760158902776
viewpoint_simulated_115.pcd,4.054477808706136,3.215363236062767,7.269841044768903,0.8391145726433691
viewpoint_simulated_116.pcd,3.2388176012603,3.415088092764089,6.653905694024389,0.17627049150378937
viewpoint_simulated_117.pcd,6.003446433207277,4.954227877623557,10.957674310830836,1.0492185555837201
viewpoint_simulated_118.pcd,4.652872324849338,3.9942856810340923,8.64715800588343,0.6585866438152457
viewpoint_simulated_119.pcd,3.2951262080440227,3.061076518671935,6.356202726715958,0.2340496893720876
viewpoint_simulated_120.pcd,3.4930648845401717,3.4292687564897824,6.9223336410299545,0.06379612805038937
viewpoint_simulated_121.pcd,4.990078453395359,3.1114467513762776,8.101525204771637,1.8786317020190815
viewpoint_simulated_122.pcd,5.027741292808242,4.079140694808708,9.106881987616951,0.9486005979995342
viewpoint_simulated_123.pcd,5.293140771093393,5.492670376132403,10.785811147225797,0.19952960503901007
viewpoint_simulated_124.pcd,5.512350964336818,3.6250778712334464,9.137428835570265,1.8872730931033717
viewpoint_simulated_125.pcd,5.179447103926811,3.4447227927661883,8.624169896693,1.7347243111606225
viewpoint_simulated_126.pcd,4.821231369755352,4.224567061192338,9.04579843094769,0.5966643085630139
viewpoint_simulated_127.pcd,3.7428769363170047,3.3750406062648626,7.117917542581868,0.3678363300521421
viewpoint_simulated_128.pcd,4.0666317406177095,3.4543358249240064,7.520967565541715,0.6122959156937031
viewpoint_simulated_129.pcd,5.558972369020268,4.81130986493311,10.370282233953379,0.7476625040871587
viewpoint_simulated_130.pcd,4.327995170859556,3.392618868609664,7.72061403946922,0.9353763022498924
viewpoint_simulated_131.pcd,2.91871678374138,2.621398109535169,5.540114893276549,0.29731867420621105
viewpoint_simulated_132.pcd,3.6634729587454022,3.5188567700040725,7.182329728749474,0.14461618874132975
viewpoint_simulated_133.pcd,6.445163748123308,3.051933183496589,9.497096931619897,3.393230564626719
viewpoint_simulated_134.pcd,5.33122195019034,4.00817411946123,9.33939606965157,1.3230478307291103
viewpoint_simulated_135.pcd,5.136070143206581,5.345691582604154,10.481761725810735,0.20962143939757283
viewpoint_simulated_136.pcd,7.838254111550309,3.4041233508147695,11.242377462365077,4.434130760735539
viewpoint_simulated_137.pcd,5.197917460049991,3.548941239815169,8.746858699865161,1.6489762202348222
viewpoint_simulated_138.pcd,6.247156220578465,4.899357237734464,11.14651345831293,1.347798982844001
viewpoint_simulated_139.pcd,4.02746671157535,3.988146617682768,8.015613329258118,0.039320093892582175
viewpoint_simulated_140.pcd,3.363611935951701,3.234005841804278,6.597617777755979,0.12960609414742308
viewpoint_simulated_141.pcd,7.120694220357849,5.209678152638308,12.330372372996155,1.9110160677195411
viewpoint_simulated_142.pcd,3.319060957822769,3.00870847640479,6.327769434227559,0.3103524814179788
viewpoint_simulated_143.pcd,3.3280810937018352,3.079178747056889,6.407259840758725,0.24890234664494626
viewpoint_simulated_144.pcd,4.3379590410959725,3.873381167873049,8.211340208969022,0.46457787322292354
viewpoint_simulated_145.pcd,4.998248037612054,3.8576766739336623,8.855924711545716,1.1405713636783918
viewpoint_simulated_146.pcd,6.3847475080379175,4.407947477369376,10.792694985407294,1.9768000306685414
viewpoint_simulated_147.pcd,6.134931758206812,5.200691237793346,11.335622996000158,0.9342405204134661
viewpoint_simulated_148.pcd,6.118662958317643,4.174164596944106,10.292827555261749,1.9444983613735367
viewpoint_simulated_149.pcd,5.7809250276058135,4.18147171298395,9.962396740589764,1.5994533146218632
viewpoint_simulated_150.pcd,6.136024928324794,4.493064048939981,10.629088977264775,1.6429608793848125
viewpoint_simulated_151.pcd,5.820439252677641,3.7150801006897614,9.535519353367402,2.1053591519878796
viewpoint_simulated_152.pcd,3.4877998166995416,3.2381452630524676,6.725945079752009,0.249654553647074
viewpoint_simulated_153.pcd,7.2672965854518,4.748836947763239,12.01613353321504,2.5184596376885606
viewpoint_simulated_154.pcd,3.5111978225741005,3.1634692437559693,6.67466706633007,0.34772857881813124
viewpoint_simulated_155.pcd,3.067793161160779,3.0732340859235343,6.141027247084313,0.0054409247627553725
viewpoint_simulated_156.pcd,4.748542122465642,3.5922197175988146,8.340761840064456,1.156322404866827
viewpoint_simulated_157.pcd,5.814590987147749,3.9475736265612418,9.762164613708991,1.8670173605865075
viewpoint_simulated_158.pcd,10.478278130052015,4.7818990469258065,15.260177176977821,5.696379083126208
viewpoint_simulated_159.pcd,5.955179754430147,5.758786615449177,11.713966369879323,0.19639313898097033
viewpoint_simulated_160.pcd,9.101549429003132,4.625010067402419,13.726559496405551,4.476539361600713
viewpoint_simulated_161.pcd,6.266206173914649,4.372352015833349,10.638558189747998,1.8938541580813002
viewpoint_simulated_162.pcd,6.487105437544737,3.7859143240107422,10.27301976155548,2.7011911135339948
viewpoint_simulated_163.pcd,3.8567578467953667,3.2528705520154633,7.10962839881083,0.6038872947799034
viewpoint_simulated_164.pcd,4.247085586234694,3.6713532684979917,7.918438854732686,0.5757323177367022
viewpoint_simulated_165.pcd,9.78393609229841,5.205481749057554,14.989417841355962,4.578454343240856
viewpoint_simulated_166.pcd,3.0350239471627707,2.628270490660642,5.663294437823413,0.4067534565021287
viewpoint_simulated_167.pcd,3.82337965443151,3.1861138407232255,7.009493495154736,0.6372658137082845
viewpoint_simulated_168.pcd,35.271378842549794,8.264800066427062,43.53617890897686,27.00657877612273
viewpoint_simulated_169.pcd,13.738849331779612,5.259256364890272,18.998105696669885,8.479592966889339
viewpoint_simulated_170.pcd,8.139297249456304,5.18872902344855,13.328026272904854,2.9505682260077535
viewpoint_simulated_171.pcd,9.10281557964797,5.323468932859258,14.426284512507229,3.779346646788712
viewpoint_simulated_172.pcd,5.545866331612375,5.662798685462108,11.208665017074484,0.11693235384973288
viewpoint_simulated_173.pcd,4.601891731099267,4.359498439645383,8.96139017074465,0.242393291453884
viewpoint_simulated_174.pcd,3.4822381317201687,3.634744411272332,7.116982542992501,0.15250627955216345
viewpoint_simulated_175.pcd,3.817631631269878,3.719848457443287,7.537480088713165,0.09778317382659107
viewpoint_simulated_176.pcd,4.1767698693889885,4.949697785121777,9.126467654510765,0.7729279157327884
viewpoint_simulated_177.pcd,4.493974621161923,4.971769623169052,9.465744244330974,0.4777950020071282
viewpoint_simulated_178.pcd,10.511738561330645,7.035669842914691,17.54740840424534,3.476068718415954
viewpoint_simulated_179.pcd,12.424090302582238,4.162208977810949,16.586299280393188,8.261881324771288
viewpoint_simulated_180.pcd,3.193466487889434,3.4144817099656977,6.607948197855132,0.22101522207626356
viewpoint_simulated_181.pcd,6.236553147124507,4.252681767938669,10.489234915063175,1.983871379185838
viewpoint_simulated_182.pcd,7.092277630964474,4.25044704523482,11.342724676199293,2.841830585729654
viewpoint_simulated_183.pcd,5.760892201610814,5.683528865507909,11.444421067118723,0.07736333610290558
viewpoint_simulated_184.pcd,4.492964827743553,4.005435008737946,8.4983998364815,0.48752981900560766
viewpoint_simulated_185.pcd,4.745189926498419,3.98990379862897,8.735093725127388,0.7552861278694492
viewpoint_simulated_186.pcd,3.542806617675536,3.607266810732712,7.150073428408248,0.06446019305717599
viewpoint_simulated_187.pcd,3.3897537227131953,3.439782175517622,6.829535898230818,0.05002845280442658
viewpoint_simulated_188.pcd,4.016957389420205,3.7517524088146623,7.768709798234868,0.26520498060554276
viewpoint_simulated_189.pcd,4.692867872481409,5.094414844208144,9.787282716689553,0.40154697172673526
viewpoint_simulated_190.pcd,6.015442247990476,5.356277713783777,11.371719961774254,0.659164534206699
viewpoint_simulated_191.pcd,4.047186797039002,3.3874273723611954,7.434614169400197,0.6597594246778065
viewpoint_simulated_192.pcd,3.5839464324566563,3.5353382436220784,7.119284676078735,0.04860818883457796
viewpoint_simulated_193.pcd,3.799435525729953,3.7327333265776135,7.532168852307566,0.06670219915233933
viewpoint_simulated_194.pcd,4.577485661222228,3.9336471415408774,8.511132802763106,0.643838519681351
viewpoint_simulated_195.pcd,4.573883887912547,5.2396260826617,9.813509970574248,0.6657421947491526
viewpoint_simulated_196.pcd,3.969000379192878,4.056500367693536,8.025500746886413,0.08749998850065799
viewpoint_simulated_197.pcd,4.5883205636753175,3.7750567283801373,8.363377292055455,0.8132638352951802
viewpoint_simulated_198.pcd,3.4037695689164567,3.6120757660481555,7.015845334964612,0.20830619713169884
viewpoint_simulated_199.pcd,3.223115730955053,3.352578194119482,6.575693925074535,0.12946246316442922
viewpoint_simulated_200.pcd,4.727632841024753,3.50236607508163,8.229998916106382,1.2252667659431227
viewpoint_simulated_201.pcd,4.122113025164398,4.776953924226844,8.899066949391242,0.6548408990624459
viewpoint_simulated_202.pcd,3.9538837595315104,4.0999525851590075,8.053836344690518,0.14606882562749712
viewpoint_simulated_203.pcd,2.9939051179245872,3.12164264467275,6.115547762597338,0.12773752674816263
viewpoint_simulated_204.pcd,3.9322009517339924,3.4599828085145226,7.392183760248515,0.47221814321946987
viewpoint_simulated_205.pcd,4.317109649373841,3.456277382477503,7.773387031851344,0.8608322668963382
viewpoint_simulated_206.pcd,4.429465076487132,4.0455775045693905,8.475042581056522,0.38388757191774125
viewpoint_simulated_207.pcd,5.62410977225314,5.954875822024112,11.578985594277253,0.3307660497709719
viewpoint_simulated_208.pcd,5.712136662252342,3.6428024602188906,9.354939122471233,2.0693342020334513
viewpoint_simulated_209.pcd,4.645415167723526,3.986204230982734,8.63161939870626,0.6592109367407915
viewpoint_simulated_210.pcd,3.961660073905859,3.536654477848337,7.498314551754196,0.4250055960575221
viewpoint_simulated_211.pcd,4.419783995368442,3.7151945917052496,8.134978587073691,0.7045894036631921
viewpoint_simulated_212.pcd,3.864521443385036,3.5827469043457003,7.447268347730736,0.2817745390393358
viewpoint_simulated_213.pcd,6.816850177020802,5.084951548295447,11.901801725316249,1.7318986287253555
viewpoint_simulated_214.pcd,4.537744690169774,3.4836696544348844,8.021414344604658,1.0540750357348894
viewpoint_simulated_215.pcd,3.4573644469874747,3.302217492452105,6.759581939439579,0.15514695453536964
viewpoint_simulated_216.pcd,4.278272545098056,4.094675584827639,8.372948129925696,0.1835969602704166
viewpoint_simulated_217.pcd,4.481127198314416,3.906216267271279,8.387343465585696,0.5749109310431373
viewpoint_simulated_218.pcd,4.829130633510365,3.924579459915104,8.753710093425468,0.9045511735952614
viewpoint_simulated_219.pcd,5.784761270089539,5.954555455872164,11.739316725961704,0.16979418578262528
viewpoint_simulated_220.pcd,7.280137355224739,3.5909637031586694,10.87110105838341,3.68917365206607
viewpoint_simulated_221.pcd,4.5831729730007,4.127544627264981,8.710717600265681,0.4556283457357191
viewpoint_simulated_222.pcd,5.121889147496811,4.102624988377222,9.224514135874033,1.0192641591195883
viewpoint_simulated_223.pcd,4.171520605413043,3.4528652243663336,7.624385829779377,0.7186553810467098
viewpoint_simulated_224.pcd,3.764756656449121,3.185520170608642,6.950276827057763,0.5792364858404793
viewpoint_simulated_225.pcd,5.281615909664103,5.190048136959734,10.471664046623836,0.09156777270436844
viewpoint_simulated_226.pcd,3.0999908769703794,3.1882205605190155,6.2882114374893945,0.08822968354863603
viewpoint_simulated_227.pcd,3.0545097900323106,2.7999153946855158,5.854425184717826,0.25459439534679484
viewpoint_simulated_228.pcd,4.229830578614927,3.806959280377828,8.036789858992755,0.42287129823709924
viewpoint_simulated_229.pcd,4.469528748994617,4.016983520189681,8.4865122691843,0.45254522880493564
viewpoint_simulated_230.pcd,5.4034018048638535,4.388861325210467,9.792263130074321,1.0145404796533866
viewpoint_simulated_231.pcd,6.468843056621915,5.911862051322546,12.380705107944461,0.5569810052993684
viewpoint_simulated_232.pcd,6.820571883176163,5.089241118185784,11.909813001361947,1.7313307649903784
viewpoint_simulated_233.pcd,6.237258136407185,4.407900369588531,10.645158505995717,1.8293577668186538
viewpoint_simulated_234.pcd,5.758740800675711,5.115393156790429,10.874133957466139,0.6433476438852823
viewpoint_simulated_235.pcd,3.5101024312391917,3.4678598940020144,6.977962325241206,0.0422425372371773
viewpoint_simulated_236.pcd,3.4508967529481804,3.297227952374609,6.748124705322789,0.15366880057357157
viewpoint_simulated_237.pcd,5.681025917684217,4.811183500294978,10.492209417979193,0.869842417389239
viewpoint_simulated_238.pcd,3.2796270860986256,3.4912189733098584,6.770846059408484,0.2115918872112328
viewpoint_simulated_239.pcd,3.5254029900047668,3.2118263480421176,6.737229338046884,0.3135766419626491
viewpoint_simulated_240.pcd,5.033394403551397,4.039164775132839,9.072559178684237,0.9942296284185579
viewpoint_simulated_241.pcd,5.811990834230628,4.03770895957736,9.84969979380799,1.7742818746532683
viewpoint_simulated_242.pcd,6.161428320447226,4.643979619551503,10.80540793999873,1.5174487008957227
viewpoint_simulated_243.pcd,6.838461175022123,6.456241639970492,13.294702814992615,0.38221953505163064
viewpoint_simulated_244.pcd,6.190681254268771,4.877105384420281,11.067786638689052,1.3135758698484903
viewpoint_simulated_245.pcd,6.454160214043156,4.287984750130756,10.742144964173914,2.1661754639124
viewpoint_simulated_246.pcd,6.735067933153906,4.652203372066359,11.387271305220265,2.082864561087547
viewpoint_simulated_247.pcd,3.8752891125894924,3.435896480411276,7.3111855930007685,0.4393926321782162
viewpoint_simulated_248.pcd,3.865127317892343,3.9815721618191344,7.846699479711477,0.11644484392679155
viewpoint_simulated_249.pcd,7.420230983424088,4.609186874696804,12.029417858120892,2.811044108727284
viewpoint_simulated_250.pcd,3.474895826265987,3.360708305572029,6.835604131838016,0.11418752069395799
viewpoint_simulated_251.pcd,3.5786345673570596,3.422062347122975,7.000696914480034,0.15657222023408446
viewpoint_simulated_252.pcd,9.852047452093043,3.7379761019326794,13.590023554025722,6.114071350160364
viewpoint_simulated_253.pcd,14.058437672542935,4.112920859466441,18.171358532009375,9.945516813076495
viewpoint_simulated_254.pcd,11.37443507960942,6.093104685794886,17.467539765404304,5.2813303938145335
viewpoint_simulated_255.pcd,10.857110911808453,5.35493810078111,16.212049012589564,5.502172811027343
viewpoint_simulated_256.pcd,5.672447258516869,5.49140921620278,11.16385647471965,0.18103804231408915
viewpoint_simulated_257.pcd,4.367378602555714,4.661563346451322,9.028941949007036,0.2941847438956078
viewpoint_simulated_258.pcd,3.7616128701466476,3.597715629298398,7.359328499445045,0.16389724084824975
viewpoint_simulated_259.pcd,3.647382820088343,3.4802471307003344,7.127629950788677,0.1671356893880085
viewpoint_simulated_260.pcd,3.9908286741356362,4.630314868190398,8.621143542326035,0.6394861940547618
viewpoint_simulated_261.pcd,5.1496463169708475,5.720258136570945,10.869904453541793,0.5706118196000975
viewpoint_simulated_262.pcd,9.397048559913417,6.569871967728594,15.96692052764201,2.8271765921848226
viewpoint_simulated_263.pcd,16.71029190380069,2.985269846299327,19.69556175010002,13.725022057501365
viewpoint_simulated_264.pcd,4.584138779522334,3.8166061116101178,8.400744891132451,0.7675326679122163
viewpoint_simulated_265.pcd,6.466917486850838,4.599686405904777,11.066603892755616,1.8672310809460617
viewpoint_simulated_266.pcd,4.43069867560687,4.112827482287938,8.543526157894807,0.31787119331893177
viewpoint_simulated_267.pcd,6.810121128190227,5.942502308860895,12.752623437051122,0.8676188193293317
viewpoint_simulated_268.pcd,4.346112408057847,4.054059675921394,8.40017208397924,0.2920527321364528
viewpoint_simulated_269.pcd,5.2830319647618555,4.232189444337226,9.51522140909908,1.0508425204246299
viewpoint_simulated_270.pcd,3.938357752268076,3.6314612810343005,7.569819033302377,0.3068964712337756
viewpoint_simulated_271.pcd,3.8543676798918134,3.557051898510248,7.411419578402061,0.29731578138156545
viewpoint_simulated_272.pcd,4.238354625681597,3.701276837567766,7.939631463249363,0.5370777881138316
viewpoint_simulated_273.pcd,5.2948732590838254,5.637399990747315,10.932273249831141,0.34252673166348924
viewpoint_simulated_274.pcd,5.4587345456399605,5.445873615776021,10.904608161415982,0.012860929863939496
viewpoint_simulated_275.pcd,4.94044641892265,3.467470359996895,8.407916778919546,1.472976058925755
viewpoint_simulated_276.pcd,5.065799927157814,4.3586952337576115,9.424495160915425,0.7071046934002023
viewpoint_simulated_277.pcd,4.521389062065534,4.045246273960981,8.566635336026515,0.47614278810455346
viewpoint_simulated_278.pcd,4.813377644147834,4.485936846484469,9.299314490632302,0.32744079766336487
viewpoint_simulated_279.pcd,4.413104359677278,5.3853437795451855,9.798448139222463,0.9722394198679076
viewpoint_simulated_280.pcd,5.039020265404669,4.407920521360262,9.44694078676493,0.6310997440444064
viewpoint_simulated_281.pcd,4.508470334586977,3.9808993410391373,8.489369675626115,0.5275709935478394
viewpoint_simulated_282.pcd,4.494003214121737,4.092287951566396,8.586291165688134,0.4017152625553413
viewpoint_simulated_283.pcd,3.887885765055046,3.6760135272057926,7.563899292260839,0.21187223784925324
viewpoint_simulated_284.pcd,4.085227255452906,3.786070928400298,7.871298183853204,0.29915632705260764
viewpoint_simulated_285.pcd,5.562623983720701,5.295645608901343,10.858269592622044,0.2669783748193577
viewpoint_simulated_286.pcd,4.382721465352481,4.826650424306913,9.209371889659394,0.44392895895443196
viewpoint_simulated_287.pcd,4.2582904823653625,3.9132597988738076,8.17155028123917,0.34503068349155486
viewpoint_simulated_288.pcd,3.761432462383598,3.9601568019812334,7.721589264364832,0.19872433959763525
viewpoint_simulated_289.pcd,4.459310819105504,3.886884548003207,8.346195367108711,0.5724262711022967
viewpoint_simulated_290.pcd,4.714976326205238,4.541748553803132,9.25672488000837,0.17322777240210563
viewpoint_simulated_291.pcd,4.9981167592624365,5.453157998816765,10.451274758079201,0.45504123955432885
viewpoint_simulated_292.pcd,4.11477125993234,4.100094255813242,8.214865515745583,0.01467700411909778
viewpoint_simulated_293.pcd,4.92127631399363,4.312010003580488,9.233286317574118,0.6092663104131422
viewpoint_simulated_294.pcd,4.9944164345213675,4.00942606563123,9.003842500152597,0.9849903688901378
viewpoint_simulated_295.pcd,4.781629487414951,3.6833506263601,8.46498011377505,1.0982788610548506
viewpoint_simulated_296.pcd,3.669253165848625,3.3911888814268405,7.060442047275465,0.27806428442178444
viewpoint_simulated_297.pcd,6.20769380972461,5.109233064717366,11.316926874441975,1.0984607450072437
viewpoint_simulated_298.pcd,4.018209122114373,3.746020694235801,7.764229816350174,0.27218842787857245
viewpoint_simulated_299.pcd,4.269216692212655,3.9419875144270886,8.211204206639744,0.3272291777855667
viewpoint_simulated_300.pcd,3.6168679635688563,4.014122896565228,7.630990860134084,0.3972549329963715
viewpoint_simulated_301.pcd,4.174406839114596,4.232409508062976,8.406816347177571,0.058002668948380354
viewpoint_simulated_302.pcd,5.5252629861859575,4.963356127318799,10.488619113504758,0.5619068588671583
viewpoint_simulated_303.pcd,5.532501277952306,6.194228220692634,11.72672949864494,0.6617269427403274
viewpoint_simulated_304.pcd,6.044874530036217,4.84130823630016,10.886182766336375,1.2035662937360572
viewpoint_simulated_305.pcd,5.3010838254185355,4.558685345617385,9.859769171035921,0.7423984798011505
viewpoint_simulated_306.pcd,4.5098830632900375,4.058338899061609,8.568221962351647,0.45154416422842836
viewpoint_simulated_307.pcd,4.434299120453395,3.6271551121972503,8.061454232650645,0.8071440082561447
viewpoint_simulated_308.pcd,4.304214542672133,3.237148628468048,7.541363171140182,1.0670659142040848
viewpoint_simulated_309.pcd,5.188203930671466,4.65662746267132,9.844831393342787,0.5315764680001456
viewpoint_simulated_310.pcd,3.9275468478897935,3.8967330720349262,7.82427991992472,0.03081377585486722
viewpoint_simulated_311.pcd,3.4384194045156127,3.374373898059025,6.812793302574638,0.06404550645658746
viewpoint_simulated_312.pcd,5.086719361152542,3.993777645229296,9.080497006381838,1.0929417159232462
viewpoint_simulated_313.pcd,4.757142323282087,4.121285948136695,8.878428271418782,0.6358563751453925
viewpoint_simulated_314.pcd,4.914751040652204,4.932700399694905,9.84745144034711,0.01794935904270112
viewpoint_simulated_315.pcd,5.538519381610339,6.073701932776371,11.612221314386709,0.5351825511660318
viewpoint_simulated_316.pcd,7.190631183397147,4.972964668415214,12.16359585181236,2.217666514981933
viewpoint_simulated_317.pcd,4.632121822051464,4.1335675991314496,8.765689421182913,0.4985542229200144
viewpoint_simulated_318.pcd,5.277639233108079,4.59258303578056,9.87022226888864,0.6850561973275191
viewpoint_simulated_319.pcd,4.326074724691129,3.7265832032775177,8.052657927968646,0.599491521413611
viewpoint_simulated_320.pcd,3.905862678969576,3.486558672465115,7.392421351434692,0.41930400650446087
viewpoint_simulated_321.pcd,4.8431969103164825,4.869916138290504,9.713113048606987,0.02671922797402182
viewpoint_simulated_322.pcd,3.67524258317018,3.197301186985663,6.872543770155843,0.47794139618451714
viewpoint_simulated_323.pcd,3.5181465293213003,3.8504635105116254,7.368610039832926,0.33231698119032504
viewpoint_simulated_324.pcd,6.785338841630022,4.608243340621293,11.393582182251315,2.177095501008729
viewpoint_simulated_325.pcd,5.810788022285188,5.058267363979311,10.869055386264499,0.752520658305877
viewpoint_simulated_326.pcd,5.8549637952915585,4.69496659277028,10.549930388061838,1.1599972025212786
viewpoint_simulated_327.pcd,7.957365073806643,7.159715522877273,15.117080596683916,0.7976495509293695
viewpoint_simulated_328.pcd,5.228018752625131,5.121025141967475,10.349043894592604,0.10699361065765611
viewpoint_simulated_329.pcd,4.922919637887469,4.692047663647188,9.614967301534659,0.23087197424028094
viewpoint_simulated_330.pcd,5.127869264179974,4.629240799972094,9.75711006415207,0.4986284642078802
viewpoint_simulated_331.pcd,4.706231249967817,4.547679989990738,9.253911239958555,0.15855125997707908
viewpoint_simulated_332.pcd,4.324525985152783,4.591614352882378,8.916140338035161,0.26708836772959543
viewpoint_simulated_333.pcd,4.64859275209976,4.922356069080799,9.570948821180558,0.2737633169810385
viewpoint_simulated_334.pcd,3.4766313642968414,3.35006783838377,6.8266992026806115,0.1265635259130713
viewpoint_simulated_335.pcd,3.548629690051912,3.5662967454568824,7.114926435508794,0.017667055404970267
viewpoint_simulated_336.pcd,9.919051475753957,3.147313963582467,13.066365439336424,6.771737512171489
viewpoint_simulated_337.pcd,11.531884705236497,4.250033285541739,15.781917990778236,7.281851419694758
viewpoint_simulated_338.pcd,16.231145736092795,5.2890970882011965,21.52024282429399,10.9420486478916
viewpoint_simulated_339.pcd,9.474129514785062,6.074961925512664,15.549091440297726,3.3991675892723983
viewpoint_simulated_340.pcd,6.361938101902834,5.77068087265414,12.132618974556973,0.5912572292486944
viewpoint_simulated_341.pcd,4.233561922885414,3.964532257753903,8.198094180639316,0.2690296651315114
viewpoint_simulated_342.pcd,4.261692171166975,4.078620439062046,8.34031261022902,0.18307173210492866
viewpoint_simulated_343.pcd,4.242968907490275,3.8597241917086715,8.102693099198946,0.3832447157816037
viewpoint_simulated_344.pcd,4.600933682195053,5.197640021782935,9.798573703977988,0.5967063395878824
viewpoint_simulated_345.pcd,6.280807075169408,5.501451947397597,11.782259022567004,0.7793551277718107
viewpoint_simulated_346.pcd,9.736492703482641,8.498233332614523,18.234726036097165,1.2382593708681178
viewpoint_simulated_347.pcd,7.76166611643156,3.512930660729739,11.2745967771613,4.248735455701821
viewpoint_simulated_348.pcd,4.606208386721348,4.064392359411191,8.67060074613254,0.5418160273101567
viewpoint_simulated_349.pcd,6.583112809429106,4.619421165398311,11.202533974827418,1.9636916440307948
viewpoint_simulated_350.pcd,5.171593788041204,4.7671466553020085,9.938740443343214,0.40444713273919586
viewpoint_simulated_351.pcd,6.567678245296378,6.147759132564002,12.715437377860379,0.4199191127323756
viewpoint_simulated_352.pcd,5.142312737087085,4.63856708311152,9.780879820198606,0.5037456539755647
viewpoint_simulated_353.pcd,5.437577344787328,5.006305026517613,10.443882371304941,0.43127231826971446
viewpoint_simulated_354.pcd,4.709312299332726,3.9112248918910013,8.620537191223727,0.798087407441725
viewpoint_simulated_355.pcd,3.9854107323220194,3.470792632229368,7.456203364551387,0.5146181000926515
viewpoint_simulated_356.pcd,3.7922615128939623,3.857444250135979,7.649705763029941,0.06518273724201684
viewpoint_simulated_357.pcd,7.336023066062463,5.644752789026782,12.980775855089245,1.691270277035681
viewpoint_simulated_358.pcd,9.222736445339084,6.824875282440911,16.047611727779994,2.397861162898173
viewpoint_simulated_359.pcd,3.6998469767124895,3.7347947707786875,7.4346417474911775,0.03494779406619797
viewpoint_simulated_360.pcd,4.842687337262876,4.17281415055075,9.015501487813626,0.6698731867121257
viewpoint_simulated_361.pcd,5.3523792051979955,4.587939475472108,9.940318680670103,0.7644397297258871
viewpoint_simulated_362.pcd,5.073705742619981,5.026978752832951,10.100684495452931,0.046726989787029716
viewpoint_simulated_363.pcd,5.014156348237443,5.629556204467368,10.643712552704812,0.6153998562299252
viewpoint_simulated_364.pcd,5.435587484415406,4.583510262097409,10.019097746512816,0.8520772223179973
viewpoint_simulated_365.pcd,4.841948697569592,4.421515423233613,9.263464120803205,0.4204332743359789
viewpoint_simulated_366.pcd,5.509493472036855,4.2849084816964345,9.794401953733288,1.2245849903404205
viewpoint_simulated_367.pcd,3.6788969019825593,3.5900226349337516,7.268919536916311,0.08887426704880763
viewpoint_simulated_368.pcd,4.506254372659672,3.4543020336425343,7.9605564063022065,1.051952339017138
viewpoint_simulated_369.pcd,7.018885656677959,5.12925383873857,12.14813949541653,1.8896318179393887
viewpoint_simulated_370.pcd,5.775287795711094,4.271613736649429,10.046901532360522,1.503674059061665
viewpoint_simulated_371.pcd,4.178819327679417,3.745805109455051,7.924624437134468,0.4330142182243657
viewpoint_simulated_372.pcd,4.203392639445302,4.395955502142971,8.599348141588273,0.19256286269766854
viewpoint_simulated_373.pcd,5.376582519516553,4.459402184314657,9.83598470383121,0.9171803352018966
viewpoint_simulated_374.pcd,4.828847728901472,5.00874011159659,9.837587840498063,0.17989238269511798
viewpoint_simulated_375.pcd,6.350270005529865,6.153752824686128,12.504022830215993,0.19651718084373648
viewpoint_simulated_376.pcd,4.53965780630955,4.478929444111313,9.018587250420863,0.06072836219823685
viewpoint_simulated_377.pcd,5.895332103891884,4.199479244623429,10.094811348515314,1.695852859268455
viewpoint_simulated_378.pcd,5.4975222379243025,4.453528981999004,9.951051219923308,1.0439932559252982
viewpoint_simulated_379.pcd,4.338287926323932,3.669886367455068,8.008174293779,0.6684015588688634
viewpoint_simulated_380.pcd,5.205910821185382,3.6239608604128932,8.829871681598275,1.581949960772489
viewpoint_simulated_381.pcd,7.227138834615126,5.035863759511307,12.263002594126434,2.1912750751038192
viewpoint_simulated_382.pcd,3.7976988039343733,3.9081242397022,7.705823043636573,0.11042543576782649
viewpoint_simulated_383.pcd,4.977602317155092,4.039017648991345,9.016619966146436,0.9385846681637462
viewpoint_simulated_384.pcd,4.458527049036771,4.140903371260618,8.599430420297388,0.31762367777615363
viewpoint_simulated_385.pcd,4.274117487656106,4.485951867798836,8.760069355454942,0.21183438014273026
viewpoint_simulated_386.pcd,5.479647447403953,4.767404956367096,10.247052403771049,0.7122424910368572
viewpoint_simulated_387.pcd,5.7630974680380245,6.431031233892854,12.194128701930879,0.6679337658548299
viewpoint_simulated_388.pcd,5.1441376835567985,4.847381321364567,9.991519004921365,0.2967563621922311
viewpoint_simulated_389.pcd,4.86713607404959,4.485620216137507,9.352756290187097,0.381515857912083
viewpoint_simulated_390.pcd,5.269109622788372,4.442293642540837,9.71140326532921,0.8268159802475354
viewpoint_simulated_391.pcd,3.188297931533367,3.28361378446452,6.471911715997887,0.09531585293115308
viewpoint_simulated_392.pcd,4.435324904961933,4.0105205516895985,8.445845456651533,0.4248043532723349
viewpoint_simulated_393.pcd,8.037438032514425,5.351911322535848,13.389349355050273,2.6855267099785767
viewpoint_simulated_394.pcd,3.5434102940581083,3.28184937191669,6.825259665974798,0.26156092214141813
viewpoint_simulated_395.pcd,3.86573098158576,3.2406806581178893,7.10641163970365,0.6250503234678706
viewpoint_simulated_396.pcd,5.916365567016302,4.245911584897269,10.162277151913571,1.6704539821190334
viewpoint_simulated_397.pcd,4.955823667770267,4.559451031300273,9.51527469907054,0.39637263646999443
viewpoint_simulated_398.pcd,4.907352780030832,4.995595200463022,9.902947980493854,0.08824242043218966
viewpoint_simulated_399.pcd,6.408298305275649,6.895586488928124,13.303884794203773,0.48728818365247584
viewpoint_simulated_400.pcd,6.960844650868142,5.055404099591668,12.016248750459809,1.9054405512764747
viewpoint_simulated_401.pcd,4.946520496946787,4.443796402852803,9.39031689979959,0.5027240940939839
viewpoint_simulated_402.pcd,8.727866934722515,4.1942159110092065,12.922082845731723,4.5336510237133085
viewpoint_simulated_403.pcd,4.7491791485418,4.023081373614172,8.772260522155971,0.7260977749276281
viewpoint_simulated_404.pcd,4.121911975813086,3.787698540638429,7.909610516451515,0.3342134351746573
viewpoint_simulated_405.pcd,7.287807220757859,4.698809246588715,11.986616467346574,2.5889979741691445
viewpoint_simulated_406.pcd,3.4889220852814526,3.4023705282442545,6.891292613525707,0.08655155703719819
viewpoint_simulated_407.pcd,3.629042966759543,3.5966360445914836,7.225679011351026,0.032406922168059626
viewpoint_simulated_408.pcd,6.527468083651599,4.620559055626398,11.148027139277996,1.9069090280252015
viewpoint_simulated_409.pcd,5.436124132325135,4.566327116600222,10.002451248925357,0.8697970157249131
viewpoint_simulated_410.pcd,5.763433252896649,4.934100829640682,10.69753408253733,0.8293324232559671
viewpoint_simulated_411.pcd,7.727547988394067,7.07036079412547,14.797908782519539,0.6571871942685972
viewpoint_simulated_412.pcd,5.776450927423849,5.802614694634924,11.579065622058774,0.026163767211074607
viewpoint_simulated_413.pcd,4.298076811169008,4.274634719776068,8.572711530945076,0.02344209139294051
viewpoint_simulated_414.pcd,10.128302994296561,5.273574538704159,15.40187753300072,4.854728455592403
viewpoint_simulated_415.pcd,5.050225535726871,4.282478387636553,9.332703923363425,0.7677471480903177
viewpoint_simulated_416.pcd,3.986334474889993,4.770053840251511,8.756388315141503,0.783719365361518
viewpoint_simulated_417.pcd,8.822881297538698,5.7855386485371945,14.608419946075893,3.037342649001504
viewpoint_simulated_418.pcd,3.812230589462875,3.290292409570422,7.102522999033297,0.521938179892453
viewpoint_simulated_419.pcd,3.6457578205571917,3.4715921713911477,7.117349991948339,0.17416564916604393
viewpoint_simulated_420.pcd,12.555261042135157,4.095122386087643,16.6503834282228,8.460138656047516
viewpoint_simulated_421.pcd,25.634562837056027,6.9583276429197864,32.592890479975814,18.67623519413624
viewpoint_simulated_422.pcd,12.045986970463222,5.208214079705611,17.25420105016883,6.837772890757611
viewpoint_simulated_423.pcd,8.733882658505358,6.584867361915377,15.318750020420735,2.1490152965899814
viewpoint_simulated_424.pcd,5.882822196833808,5.621825746209767,11.504647943043576,0.26099645062404075
viewpoint_simulated_425.pcd,5.443122690696629,4.607901830376969,10.051024521073597,0.8352208603196596
viewpoint_simulated_426.pcd,4.139062776109863,4.205964866566444,8.345027642676307,0.06690209045658158
viewpoint_simulated_427.pcd,4.454209491210946,4.194078600065428,8.648288091276374,0.26013089114551846
viewpoint_simulated_428.pcd,4.742386878005295,5.336836829934643,10.079223707939938,0.5944499519293478
viewpoint_simulated_429.pcd,5.9813986081126576,5.862339899653607,11.843738507766265,0.11905870845905042
viewpoint_simulated_430.pcd,8.005611567476896,6.3927462587588915,14.398357826235788,1.6128653087180043
viewpoint_simulated_431.pcd,8.769002726636563,4.241992152893208,13.010994879529772,4.527010573743355
viewpoint_simulated_432.pcd,4.498295416838164,4.142436798327628,8.64073221516579,0.3558586185105357
viewpoint_simulated_433.pcd,6.084774100638171,4.5296519477648935,10.614426048403065,1.5551221528732775
viewpoint_simulated_434.pcd,6.0239245291518575,4.543121615364824,10.56704614451668,1.4808029137870333
viewpoint_simulated_435.pcd,6.887759042580232,6.275824670095802,13.163583712676033,0.6119343724844297
viewpoint_simulated_436.pcd,6.162722970134143,4.342001279869074,10.504724250003218,1.820721690265069
viewpoint_simulated_437.pcd,6.145940771700016,4.777578513809639,10.923519285509656,1.368362257890377
viewpoint_simulated_438.pcd,4.985470454421552,4.321972208334525,9.307442662756078,0.6634982460870269
viewpoint_simulated_439.pcd,4.909074592067381,4.002713914320972,8.911788506388353,0.9063606777464095
viewpoint_simulated_440.pcd,4.052283799873312,4.029288838249657,8.081572638122967,0.022994961623655108
viewpoint_simulated_441.pcd,6.501472368175306,5.833022614313699,12.334494982489005,0.6684497538616068
viewpoint_simulated_442.pcd,7.941610257344857,4.819603148029687,12.761213405374544,3.1220071093151702
viewpoint_simulated_443.pcd,4.392657769284161,4.127289440762523,8.519947210046684,0.26536832852163794
viewpoint_simulated_444.pcd,4.961387452889903,4.423709420639915,9.385096873529818,0.5376780322499881
viewpoint_simulated_445.pcd,5.433191277975606,4.526972504484428,9.960163782460034,0.9062187734911777
viewpoint_simulated_446.pcd,5.2004374220229055,5.19431214432756,10.394749566350466,0.0061252776953457655
viewpoint_simulated_447.pcd,4.9750409084805005,6.227883186142759,11.20292409462326,1.2528422776622588
viewpoint_simulated_448.pcd,5.425114691184873,4.421408591568284,9.846523282753157,1.003706099616589
viewpoint_simulated_449.pcd,4.7002866552272495,4.3306844224478525,9.030971077675101,0.3696022327793971
viewpoint_simulated_450.pcd,4.646428410676043,4.260992384287484,8.907420794963528,0.38543602638855834
viewpoint_simulated_451.pcd,4.564759276230416,3.765769820234518,8.330529096464934,0.7989894559958981
viewpoint_simulated_452.pcd,4.664924336719861,3.6349923591944253,8.299916695914286,1.0299319775254356
viewpoint_simulated_453.pcd,6.68636585857739,5.45075812183049,12.13712398040788,1.2356077367468998
viewpoint_simulated_454.pcd,5.8371004594979325,3.5781497152194772,9.41525017471741,2.2589507442784553
viewpoint_simulated_455.pcd,4.150656614519524,4.040977171504623,8.191633786024147,0.10967944301490107
viewpoint_simulated_456.pcd,4.571743084228516,4.533199438687562,9.104942522916078,0.038543645540954685
viewpoint_simulated_457.pcd,5.030205763891868,4.561634105274113,9.59183986916598,0.46857165861775485
viewpoint_simulated_458.pcd,5.0056281147452,4.809990281506116,9.815618396251317,0.19563783323908357
viewpoint_simulated_459.pcd,6.888210151330336,6.7853625657063885,13.673572717036723,0.10284758562394725
viewpoint_simulated_460.pcd,5.450237491618685,4.765242370489224,10.215479862107909,0.6849951211294609
viewpoint_simulated_461.pcd,6.2853695923805954,3.998414643791769,10.283784236172364,2.2869549485888263
viewpoint_simulated_462.pcd,4.3140371287554435,4.547425140240653,8.861462268996096,0.23338801148520982
viewpoint_simulated_463.pcd,4.099371798867488,3.890734058609887,7.990105857477375,0.2086377402576014
viewpoint_simulated_464.pcd,4.398249083404437,3.6242597146875775,8.022508798092014,0.7739893687168595
viewpoint_simulated_465.pcd,7.1051260265527985,5.500766532380195,12.605892558932993,1.6043594941726038
viewpoint_simulated_466.pcd,3.655877444907895,3.3448823638715823,7.000759808779478,0.31099508103631246
viewpoint_simulated_467.pcd,5.08121746054072,3.855752785866961,8.93697024640768,1.2254646746737587
viewpoint_simulated_468.pcd,4.542016851093098,4.202725221457455,8.744742072550553,0.3392916296356425
viewpoint_simulated_469.pcd,4.184843291958461,4.461877174547131,8.646720466505592,0.27703388258867
viewpoint_simulated_470.pcd,6.049629325501932,4.729342131672836,10.77897145717477,1.3202871938290963
viewpoint_simulated_471.pcd,5.245879426056837,6.883765792243144,12.12964521829998,1.637886366186307
viewpoint_simulated_472.pcd,5.775629137033352,4.790225973144248,10.565855110177601,0.9854031638891039
viewpoint_simulated_473.pcd,4.897662239759005,4.110123101715794,9.007785341474799,0.7875391380432113
viewpoint_simulated_474.pcd,4.322610440492656,4.454535584902591,8.777146025395247,0.1319251444099354
viewpoint_simulated_475.pcd,3.3999222014434136,3.0542987821815286,6.454220983624943,0.345623419261885
viewpoint_simulated_476.pcd,4.140734082841794,3.505309802421534,7.646043885263328,0.6354242804202599
viewpoint_simulated_477.pcd,8.867529415712493,6.469983913517182,15.337513329229676,2.397545502195311
viewpoint_simulated_478.pcd,3.223441464629357,3.328356091695639,6.5517975563249955,0.10491462706628196
viewpoint_simulated_479.pcd,4.969535996801588,3.8706334568674072,8.840169453668995,1.0989025399341812
viewpoint_simulated_480.pcd,3.986560452545858,4.223098252451683,8.20965870499754,0.2365377999058249
viewpoint_simulated_481.pcd,5.384071044170101,5.057024058010002,10.441095102180103,0.32704698616009864
viewpoint_simulated_482.pcd,5.206194128576435,5.109937171190932,10.316131299767367,0.09625695738550277
viewpoint_simulated_483.pcd,5.84350971994016,7.060746859384343,12.904256579324503,1.2172371394441832
viewpoint_simulated_484.pcd,7.482779138747308,4.8859661687970295,12.368745307544337,2.596812969950278
viewpoint_simulated_485.pcd,4.544714338978737,4.496408569791664,9.0411229087704,0.0483057691870723
viewpoint_simulated_486.pcd,4.340595189764191,4.675205330325642,9.015800520089833,0.334610140561451
viewpoint_simulated_487.pcd,4.566949824841951,3.7179306774248317,8.284880502266784,0.8490191474171196
viewpoint_simulated_488.pcd,3.9014263388184314,3.6714229706627552,7.572849309481187,0.23000336815567612
viewpoint_simulated_489.pcd,8.893479531262843,6.269213384102295,15.162692915365138,2.624266147160548
viewpoint_simulated_490.pcd,3.6297550984458544,3.695481084334834,7.325236182780689,0.06572598588897938
viewpoint_simulated_491.pcd,4.199457669807225,3.6891974571938304,7.888655127001055,0.5102602126133942
